display,mail,service_name
デフォルト,manmosutarou@gmail.com,Rincle






































































































































































































































































































































































































































































































































































































































































































































































































































































































































































































































