display,content
Ver1,利用規約本文（長文）






































































































































































































































































































































































































































































































































































































































































































































































































































































































































































































































