display,number
デフォルト,10






































































































































































































































































































































































































































































































































































































































































































































































































































































































































































































































