display,yes,yes_no
yes,yes,True
no,no,False





































































































































































































































































































































































































































































































































































































































































































































































































































































































































































































































