display,slug
月曜,月
火曜,火
水曜,水
木曜,木
金曜,金
土曜,土
日曜,日
祝日,祝































































































































































































































































































































































































































































































































































































































































































































































































































































































































































































































